"1","Band1","desc1","pHeader1.jpg"
"2","Band2","desc2","pHeader2.jpg"
"3","Band3","desc3","pHeader3.jpg"
"4","Band4","desc4","pHeader4.jpg"
"5","Band5","desc5","pHeader5.jpg"
"6","Band6","desc6","pHeader6.jpg"
"7","Band7","desc7","pHeader7.jpg""1","Band1","desc1","pHeader1.jpg"
"2","Band2","desc2","pHeader2.jpg"
"3","Band3","desc3","pHeader3.jpg"
"4","Band4","desc4","pHeader4.jpg"
"5","Band5","desc5","pHeader5.jpg"
"6","Band6","desc6","pHeader6.jpg"
"7","Band7","desc7","pHeader7.jpg"
"8","Band8","desc8","pHeader8.jpg"
"9","Band9","desc9","pHeader9.jpg"
"10","Band10","desc10","pHeader10.jpg"
"11","Band11","desc11","pHeader11.jpg"
"12","Band12","desc12","pHeader12.jpg"
"13","Band13","desc13","pHeader13.jpg"
"14","Band14","desc14","pHeader14.jpg"
"15","Band15","desc15","pHeader15.jpg"
"16","Band16","desc16","pHeader16.jpg"
"17","Band17","desc17","pHeader17.jpg"
"18","Band18","desc18","pHeader18.jpg"
"19","Band19","desc19","pHeader19.jpg"
"20","Band20","desc20","pHeader20.jpg"
"21","Band21","desc21","pHeader21.jpg"
"22","Band22","desc22","pHeader22.jpg"
"23","Band23","desc23","pHeader23.jpg"
"24","Band24","desc24","pHeader24.jpg"
"25","Band25","desc25","pHeader25.jpg"
"26","Band26","desc26","pHeader26.jpg"
"27","Band27","desc27","pHeader27.jpg"
"28","Band28","desc28","pHeader28.jpg"
"29","Band29","desc29","pHeader29.jpg"
"30","Band30","desc30","pHeader30.jpg"
"31","Band31","desc31","pHeader31.jpg"
"32","Band32","desc32","pHeader32.jpg"
"33","Band33","desc33","pHeader33.jpg"
"34","Band34","desc34","pHeader34.jpg"
"35","Band35","desc35","pHeader35.jpg"
"36","Band36","desc36","pHeader36.jpg"
"37","Band37","desc37","pHeader37.jpg"
"38","Band38","desc38","pHeader38.jpg"
"39","Band39","desc39","pHeader39.jpg"
"40","Band40","desc40","pHeader40.jpg"
"41","Band41","desc41","pHeader41.jpg"
"42","Band42","desc42","pHeader42.jpg"
"43","Band43","desc43","pHeader43.jpg"
"44","Band44","desc44","pHeader44.jpg"
"45","Band45","desc45","pHeader45.jpg"
"46","Band46","desc46","pHeader46.jpg"
"47","Band47","desc47","pHeader47.jpg"
"48","Band48","desc48","pHeader48.jpg"
"49","Band49","desc49","pHeader49.jpg"
"50","Band50","desc50","pHeader50.jpg"
